market_id,title,city,target_date,resolution_at,poly_prob,noaa_prob,outcome,collected_at,source
2144874,22°C,Hong Kong,2026-05-05,2026-05-05 12:00:00+00:00,0.001,0.3032018862135788,0,2026-05-05,live
2144873,21°C,Hong Kong,2026-05-05,2026-05-05 12:00:00+00:00,0.001,0.2844250340278758,0,2026-05-05,live
2144677,17°C,London,2026-05-05,2026-05-05 12:00:00+00:00,0.001,0.3100621610489489,0,2026-05-05,live
2144875,23°C,Hong Kong,2026-05-05,2026-05-05 12:00:00+00:00,0.998,0.1705184524337422,0,2026-05-05,live
2144876,24°C,Hong Kong,2026-05-05,2026-05-05 12:00:00+00:00,0.001,0.0505219452221588,0,2026-05-05,live
2144678,18°C,London,2026-05-05,2026-05-05 12:00:00+00:00,0.001,0.2728474540747446,0,2026-05-05,live
2144737,59°F or below,Seattle,2026-05-05,2026-05-05 12:00:00+00:00,0.012,0.0001072699842666,0,2026-05-05,live
2144689,17°C,Paris,2026-05-05,2026-05-05 12:00:00+00:00,0.001,0.126634639222371,0,2026-05-05,live
2144874,22°C,Hong Kong,2026-05-05 00:00:00,2026-05-05 12:00:00+00:00,0.001,0.3032018862135788,0,2026-05-05,live
2144870,18°C or below,Hong Kong,2026-05-05 00:00:00,2026-05-05 12:00:00+00:00,0.001,0.0015332096955600091,0,2026-05-05,live
2144691,19°C,Paris,2026-05-05 00:00:00,2026-05-05 12:00:00+00:00,0.001,0.003968536035840353,0,2026-05-05,live
2144440,11°C,London,2026-05-05 00:00:00,2026-05-05 12:00:00+00:00,0.993,9.076869644987301e-07,0,2026-05-05,live
2144649,21°C,Hong Kong,2026-05-05 00:00:00,2026-05-05 12:00:00+00:00,0.001,0.28442503402787583,0,2026-05-05,live
2144681,21°C or higher,London,2026-05-05 00:00:00,2026-05-05 12:00:00+00:00,0.001,0.001170189065833549,0,2026-05-05,live
2144758,90°F or higher,NYC,2026-05-05 00:00:00,2026-05-05 12:00:00+00:00,0.001,0.000627605870627379,0,2026-05-05,live
2144648,20°C,Hong Kong,2026-05-05 00:00:00,2026-05-05 12:00:00+00:00,0.003,0.1407375355782552,0,2026-05-05,live
2144922,22°C,Madrid,2026-05-05 00:00:00,2026-05-05 12:00:00+00:00,0.001,0.025940848194067723,0,2026-05-05,live
2144586,51°F or below,NYC,2026-05-05 00:00:00,2026-05-05 12:00:00+00:00,0.005,1.5153779191502932e-48,0,2026-05-05,live
2144518,5°C or below,Paris,2026-05-05 00:00:00,2026-05-05 12:00:00+00:00,0.004,1.2086675571577611e-17,0,2026-05-05,live
2144608,67°F or below,Miami,2026-05-05 00:00:00,2026-05-05 12:00:00+00:00,0.004,5.120131442964259e-16,0,2026-05-05,live
2144880,28°C or higher,Hong Kong,2026-05-05 00:00:00,2026-05-05 12:00:00+00:00,0.001,7.047722450082006e-08,0,2026-05-05,live
2144428,6°C,London,2026-05-05 00:00:00,2026-05-05 12:00:00+00:00,0.002,3.2526198147124905e-19,0,2026-05-05,live
2144431,7°C,London,2026-05-05 00:00:00,2026-05-05 12:00:00+00:00,0.002,3.7958965982315265e-16,0,2026-05-05,live
2144791,92°F or higher,Miami,2026-05-05 00:00:00,2026-05-05 12:00:00+00:00,0.005,0.0003373402382325086,0,2026-05-05,live
2144647,19°C,Hong Kong,2026-05-05 00:00:00,2026-05-05 12:00:00+00:00,0.999,0.03667137779801225,0,2026-05-05,live
2144427,5°C,London,2026-05-05 00:00:00,2026-05-05 12:00:00+00:00,0.005,1.428040022930379e-22,0,2026-05-05,live
2144747,78°F or higher,Seattle,2026-05-05 00:00:00,2026-05-05 12:00:00+00:00,0.004,2.0641509290708626e-07,0,2026-05-05,live
2144921,21°C,Madrid,2026-05-05 00:00:00,2026-05-05 12:00:00+00:00,0.001,0.11321636803136437,0,2026-05-05,live
2144879,27°C,Hong Kong,2026-05-05 00:00:00,2026-05-05 12:00:00+00:00,0.001,2.7249974816068168e-05,0,2026-05-05,live
2144923,23°C,Madrid,2026-05-05 00:00:00,2026-05-05 12:00:00+00:00,0.001,0.0031187593561793348,0,2026-05-05,live
2144689,17°C,Paris,2026-05-05 00:00:00,2026-05-05 12:00:00+00:00,0.001,0.12663463922237106,0,2026-05-05,live
2144737,59°F or below,Seattle,2026-05-05 00:00:00,2026-05-05 12:00:00+00:00,0.01,0.00014787181923704937,0,2026-05-05,live
2144690,18°C,Paris,2026-05-05 00:00:00,2026-05-05 12:00:00+00:00,0.001,0.030942486932745927,0,2026-05-05,live
2144678,18°C,London,2026-05-05 00:00:00,2026-05-05 12:00:00+00:00,0.001,0.27284745407474464,0,2026-05-05,live
2144924,24°C or higher,Madrid,2026-05-05 00:00:00,2026-05-05 12:00:00+00:00,0.001,3.940340232500006e-05,0,2026-05-05,live
2144878,26°C,Hong Kong,2026-05-05 00:00:00,2026-05-05 12:00:00+00:00,0.001,0.0006410298839460982,0,2026-05-05,live
2144872,20°C,Hong Kong,2026-05-05 00:00:00,2026-05-05 12:00:00+00:00,0.001,0.1407375355782552,0,2026-05-05,live
2144679,19°C,London,2026-05-05 00:00:00,2026-05-05 12:00:00+00:00,0.001,0.12663463922237106,0,2026-05-05,live
2144680,20°C,London,2026-05-05 00:00:00,2026-05-05 12:00:00+00:00,0.001,0.030942486932745927,0,2026-05-05,live
2144877,25°C,Hong Kong,2026-05-05 00:00:00,2026-05-05 12:00:00+00:00,0.001,0.007864870539701974,0,2026-05-05,live
2144875,23°C,Hong Kong,2026-05-05 00:00:00,2026-05-05 12:00:00+00:00,0.999,0.1705184524337422,0,2026-05-05,live
2144692,20°C or higher,Paris,2026-05-05 00:00:00,2026-05-05 12:00:00+00:00,0.001,5.537416918988125e-05,0,2026-05-05,live
2144920,20°C,Madrid,2026-05-05 00:00:00,2026-05-05 12:00:00+00:00,0.001,0.2600723371054532,0,2026-05-05,live
2144688,16°C,Paris,2026-05-05 00:00:00,2026-05-05 12:00:00+00:00,0.001,0.27284745407474464,0,2026-05-05,live
2144677,17°C,London,2026-05-05 00:00:00,2026-05-05 12:00:00+00:00,0.001,0.3100621610489489,0,2026-05-05,live
2144873,21°C,Hong Kong,2026-05-05 00:00:00,2026-05-05 12:00:00+00:00,0.001,0.28442503402787583,0,2026-05-05,live
2144876,24°C,Hong Kong,2026-05-05 00:00:00,2026-05-05 12:00:00+00:00,0.001,0.050521945222158804,0,2026-05-05,live
2156765,8°C or below,Paris,2026-05-06 00:00:00,2026-05-06 12:00:00+00:00,0.001,6.924312810803768e-09,0,2026-05-05,live
2156756,11°C,London,2026-05-06 00:00:00,2026-05-06 12:00:00+00:00,0.015,0.021607900923878383,0,2026-05-05,live
2156769,12°C,Paris,2026-05-06 00:00:00,2026-05-06 12:00:00+00:00,0.017,0.021607900923878383,0,2026-05-05,live
2156969,26°C,Hong Kong,2026-05-06 00:00:00,2026-05-06 12:00:00+00:00,0.24,0.29460380666245456,0,2026-05-05,live
2152379,3°C or below,London,2026-05-06 00:00:00,2026-05-06 12:00:00+00:00,0.007,1.5478889260308405e-19,0,2026-05-05,live
2156807,20°C,Seoul,2026-05-06 00:00:00,2026-05-06 12:00:00+00:00,0.38,0.08876882552866575,0,2026-05-05,live
2156759,14°C,London,2026-05-06 00:00:00,2026-05-06 12:00:00+00:00,0.48,0.3180924860648615,0,2026-05-05,live
2156960,21°C,Tokyo,2026-05-06 00:00:00,2026-05-06 12:00:00+00:00,0.39,0.3180924860648615,0,2026-05-05,live
2156775,18°C or higher,Paris,2026-05-06 00:00:00,2026-05-06 12:00:00+00:00,0.014,0.005390009522191486,0,2026-05-05,live
2156902,15°C,Wellington,2026-05-06 00:00:00,2026-05-06 12:00:00+00:00,0.01,0.18589913521369883,0,2026-05-05,live
2156763,18°C,London,2026-05-06 00:00:00,2026-05-06 12:00:00+00:00,0.006,0.0014558905332685557,0,2026-05-05,live
2156972,29°C,Hong Kong,2026-05-06 00:00:00,2026-05-06 12:00:00+00:00,0.044,0.006302074155722703,0,2026-05-05,live
2156770,13°C,Paris,2026-05-06 00:00:00,2026-05-06 12:00:00+00:00,0.17,0.1005724261542758,0,2026-05-05,live
2156981,25°C,Shanghai,2026-05-06 00:00:00,2026-05-06 12:00:00+00:00,0.29,0.2844250340278758,0,2026-05-05,live
2156771,14°C,Paris,2026-05-06 00:00:00,2026-05-06 12:00:00+00:00,0.35,0.24631454639018815,0,2026-05-05,live
2156806,19°C,Seoul,2026-05-06 00:00:00,2026-05-06 12:00:00+00:00,0.28,0.01788293905783077,0,2026-05-05,live
2156841,74°F or higher,NYC,2026-05-06 00:00:00,2026-05-06 12:00:00+00:00,0.009,0.7358435003831592,0,2026-05-05,live
2152602,23°C,Hong Kong,2026-05-06 00:00:00,2026-05-06 12:00:00+00:00,0.001,0.04318189446961292,0,2026-05-05,live
2152570,70°F or higher,NYC,2026-05-06 00:00:00,2026-05-06 12:00:00+00:00,0.008,0.9930213624048772,0,2026-05-05,live
2156764,19°C or higher,London,2026-05-06 00:00:00,2026-05-06 12:00:00+00:00,0.002,1.3658635589663959e-05,0,2026-05-05,live
2156993,32°C,Singapore,2026-05-06 00:00:00,2026-05-06 12:00:00+00:00,0.32,0.03667137779801233,0,2026-05-05,live
2152585,11°C or below,Tokyo,2026-05-06 00:00:00,2026-05-06 12:00:00+00:00,0.005,1.93199785348248e-16,0,2026-05-05,live
2156768,11°C,Paris,2026-05-06 00:00:00,2026-05-06 12:00:00+00:00,0.009,0.0024350987292847672,0,2026-05-05,live
2156963,24°C or higher,Tokyo,2026-05-06 00:00:00,2026-05-06 12:00:00+00:00,0.046,0.005390009522191486,0,2026-05-05,live
2156994,33°C,Singapore,2026-05-06 00:00:00,2026-05-06 12:00:00+00:00,0.1,0.005017225827640859,0,2026-05-05,live
2152476,15°C or higher,Paris,2026-05-06 00:00:00,2026-05-06 12:00:00+00:00,0.005,0.46722395692633534,0,2026-05-05,live
2156903,16°C,Wellington,2026-05-06 00:00:00,2026-05-06 12:00:00+00:00,0.22,0.3100621610489489,0,2026-05-05,live
2156979,23°C,Shanghai,2026-05-06 00:00:00,2026-05-06 12:00:00+00:00,0.06,0.17051845243374225,0,2026-05-05,live
2156803,16°C,Seoul,2026-05-06 00:00:00,2026-05-06 12:00:00+00:00,0.002,2.992776479325135e-06,0,2026-05-05,live
2156772,15°C,Paris,2026-05-06 00:00:00,2026-05-06 12:00:00+00:00,0.39,0.3180924860648615,0,2026-05-05,live
2156875,47°F or below,Chicago,2026-05-06 00:00:00,2026-05-06 12:00:00+00:00,0.004,1.5746583562672997e-06,0,2026-05-05,live
2156984,28°C,Shanghai,2026-05-06 00:00:00,2026-05-06 12:00:00+00:00,0.03,0.005017225827640859,0,2026-05-05,live
2152583,88°F or higher,Miami,2026-05-06 00:00:00,2026-05-06 12:00:00+00:00,0.002,0.15959133345141474,0,2026-05-05,live
2156958,19°C,Tokyo,2026-05-06 00:00:00,2026-05-06 12:00:00+00:00,0.018,0.10057242615427606,0,2026-05-05,live
2156985,29°C or higher,Shanghai,2026-05-06 00:00:00,2026-05-06 12:00:00+00:00,0.005,7.731916229147817e-05,0,2026-05-05,live
2156773,16°C,Paris,2026-05-06 00:00:00,2026-05-06 12:00:00+00:00,0.12,0.21674264858367376,0,2026-05-05,live
2156805,18°C,Seoul,2026-05-06 00:00:00,2026-05-06 12:00:00+00:00,0.038,0.0018890034837423552,0,2026-05-05,live
2156983,27°C,Shanghai,2026-05-06 00:00:00,2026-05-06 12:00:00+00:00,0.199,0.03667137779801233,0,2026-05-05,live
2156842,75°F or below,Dallas,2026-05-06 00:00:00,2026-05-06 12:00:00+00:00,0.97,0.9993095434603289,0,2026-05-05,live
2156978,22°C,Shanghai,2026-05-06 00:00:00,2026-05-06 12:00:00+00:00,0.013,0.05052194522215873,0,2026-05-05,live
2152590,16°C,Tokyo,2026-05-06 00:00:00,2026-05-06 12:00:00+00:00,0.001,0.00014340512188712497,0,2026-05-05,live
2156804,17°C,Seoul,2026-05-06 00:00:00,2026-05-06 12:00:00+00:00,0.014,0.00010423231020655927,0,2026-05-05,live
2156965,22°C,Hong Kong,2026-05-06 00:00:00,2026-05-06 12:00:00+00:00,0.002,0.006302074155722726,0,2026-05-05,live
2156808,21°C or higher,Seoul,2026-05-06 00:00:00,2026-05-06 12:00:00+00:00,0.37,0.7946038066624546,0,2026-05-05,live
2156774,17°C,Paris,2026-05-06 00:00:00,2026-05-06 12:00:00+00:00,0.024,0.07784892926897369,0,2026-05-05,live
2156995,34°C,Singapore,2026-05-06 00:00:00,2026-05-06 12:00:00+00:00,0.007,0.0003591250589609629,0,2026-05-05,live
2156957,18°C,Tokyo,2026-05-06 00:00:00,2026-05-06 12:00:00+00:00,0.017,0.021607900923878466,0,2026-05-05,live
2156967,24°C,Hong Kong,2026-05-06 00:00:00,2026-05-06 12:00:00+00:00,0.006,0.1554112877984241,0,2026-05-05,live
2156959,20°C,Tokyo,2026-05-06 00:00:00,2026-05-06 12:00:00+00:00,0.051,0.24631454639018838,0,2026-05-05,live
2156982,26°C,Shanghai,2026-05-06 00:00:00,2026-05-06 12:00:00+00:00,0.259,0.1407375355782552,0,2026-05-05,live
2156762,17°C,London,2026-05-06 00:00:00,2026-05-06 12:00:00+00:00,0.011,0.01470488237006684,0,2026-05-05,live
2156761,16°C,London,2026-05-06 00:00:00,2026-05-06 12:00:00+00:00,0.04,0.07784892926897369,0,2026-05-05,live
2156758,13°C,London,2026-05-06 00:00:00,2026-05-06 12:00:00+00:00,0.27,0.24631454639018815,0,2026-05-05,live
2156968,25°C,Hong Kong,2026-05-06 00:00:00,2026-05-06 12:00:00+00:00,0.075,0.2946038066624545,0,2026-05-05,live
2156760,15°C,London,2026-05-06 00:00:00,2026-05-06 12:00:00+00:00,0.1,0.21674264858367376,0,2026-05-05,live
2156990,29°C,Singapore,2026-05-06 00:00:00,2026-05-06 12:00:00+00:00,0.038,0.3032018862135788,0,2026-05-05,live
2156980,24°C,Shanghai,2026-05-06 00:00:00,2026-05-06 12:00:00+00:00,0.21,0.3032018862135788,0,2026-05-05,live
2156977,21°C,Shanghai,2026-05-06 00:00:00,2026-05-06 12:00:00+00:00,0.003,0.007864870539702,0,2026-05-05,live
2152556,51°F or below,NYC,2026-05-06 00:00:00,2026-05-06 12:00:00+00:00,0.007,3.9922467610512e-29,0,2026-05-05,live
2156757,12°C,London,2026-05-06 00:00:00,2026-05-06 12:00:00+00:00,0.08,0.1005724261542758,0,2026-05-05,live
2161949,11°C or below,Wellington,2026-05-07 00:00:00,2026-05-07 12:00:00+00:00,0.004,6.088057213295378e-07,0,2026-05-05,live
2161860,21°C or higher,Seoul,2026-05-07 00:00:00,2026-05-07 12:00:00+00:00,0.032,0.00853375920418542,0,2026-05-05,live
2161854,15°C,Seoul,2026-05-07 00:00:00,2026-05-07 12:00:00+00:00,0.057,0.014704882370066823,0,2026-05-05,live
2161950,12°C,Wellington,2026-05-07 00:00:00,2026-05-07 12:00:00+00:00,0.004,0.00014340512188712497,0,2026-05-05,live
2161759,12°C or below,Tokyo,2026-05-07 00:00:00,2026-05-07 12:00:00+00:00,0.006,3.740812456099274e-28,0,2026-05-05,live
2161806,10°C or below,London,2026-05-07 00:00:00,2026-05-07 12:00:00+00:00,0.001,9.47144013981162e-06,0,2026-05-05,live
2161915,86°F or higher,Atlanta,2026-05-07 00:00:00,2026-05-07 12:00:00+00:00,0.002,6.088057212805253e-07,0,2026-05-05,live
